name,ra,dec,plate,mjd,fiberID,subclass,u_mag,g_mag,r_mag,i_mag,z_mag
307416612011534336,158.19104,-0.073699209,273,51957,167,M0,22.62364,19.82765,18.48586,17.75831,17.27229
332308181344610304,198.93705,1.0042037,295,51985,610,M3,22.22127,19.52938,18.09899,16.94452,16.32963
333285372287019008,200.94652,-0.81987536,296,51984,69,M1,22.44075,20.22565,18.68222,17.63942,17.08587
363667896028653568,183.98298,-1.0393178,323,51615,8,M0,21.87266,19.04259,17.62943,16.90464,16.48689
363673943342606336,184.3177,-0.42058694,323,51615,30,M3,21.19682,18.56308,17.1693,15.97408,15.37583
363678341389117440,183.58402,-1.1492218,323,51615,46,M1,21.07201,18.39039,16.97011,16.10519,15.5855
363678616267024384,183.52835,-1.1590308,323,51615,47,M1,21.32068,18.71985,17.33548,16.49881,15.98174
363700056743766016,183.03888,-1.1741679,323,51615,125,M4,21.29156,18.49923,17.04289,15.61099,14.74951
363692635040278528,183.16242,-1.2150682,323,51615,98,M1,21.47893,18.61255,17.15262,16.21376,15.66084
363681090168186880,183.67176,-1.0871287,323,51615,56,M1,20.75119,18.22486,16.88721,16.07651,15.62297
363678891144931328,183.70438,-1.141293,323,51615,48,M3,21.14861,18.53666,17.1866,16.0596,15.41933
363679715778652160,183.4504,-0.67299071,323,51615,51,M0,21.63468,18.89664,17.51738,16.73755,16.36126
363693459673999360,183.69941,-0.38379575,323,51615,101,M1,21.16168,18.6163,17.2165,16.36965,15.87188
363683564069349376,183.94811,-0.31361421,323,51615,65,M0,20.70236,18.13251,16.66232,15.88543,15.40874
363698957232138240,182.84573,-0.95562613,323,51615,121,M1,21.60223,19.00753,17.61597,16.8223,16.34314
363691535528650752,183.13406,-0.92923024,323,51615,94,M0,21.70437,19.07849,17.64141,16.94904,16.55506
363693184796092416,183.19852,-0.92851103,323,51615,100,M1,21.65967,18.87066,17.49047,16.62877,16.19962
363694834063534080,183.57918,-0.59468866,323,51615,106,M1,21.07906,18.5049,17.12488,16.19421,15.71569
363695383819347968,183.77687,-0.51616469,323,51615,108,M0,21.20664,18.47482,17.11546,16.46339,16.10709
363694009429813248,183.9006,-0.46471421,323,51615,103,M0,21.28749,18.684,17.31938,16.6774,16.33661
363684113825163264,183.90842,-0.51449844,323,51615,67,M2,21.48208,18.78552,17.39975,16.3402,15.78578
363684663580977152,183.93134,-0.45007431,323,51615,69,M3,21.48122,18.64263,17.21832,16.00117,15.36646
363683838947256320,183.94082,-0.48661282,323,51615,66,M2,21.08071,18.29171,16.94355,15.92829,15.40582
363685488214697984,184.13932,-0.18975652,323,51615,72,M3,21.24839,18.65514,17.24264,16.01558,15.3695
363712426249578496,183.03065,-0.29158171,323,51615,170,M1,20.90953,18.25991,16.81289,15.95606,15.4954
363714900150740992,183.04882,-0.358118,323,51615,179,M0,20.76628,18.24493,16.85422,16.20513,15.80878
363707478447253504,183.31218,-0.31213436,323,51615,152,M3,20.69023,18.14762,16.85219,15.68088,15.12982
363704729668184064,183.47321,-0.23105744,323,51615,142,M1,20.88812,18.26128,17.02168,16.227,15.8299
363743212575156224,182.20072,-0.97115356,323,51615,282,M0,21.44544,18.75966,17.36865,16.62053,16.21688
363743487453063168,182.23893,-0.9350977,323,51615,283,M1,21.46942,18.6034,17.18888,16.31499,15.81668
363732767214692352,182.2693,-0.84387221,323,51615,244,M0,21.23023,18.47617,17.08555,16.40972,16.00612
363736065749575680,182.42847,-0.86958047,323,51615,256,M1,21.36984,18.72427,17.31596,16.485,16.03051
363733591848413184,182.48745,-0.96425488,323,51615,247,M0,21.16521,18.42455,17.06802,16.44121,16.06867
363721222342600704,182.57079,-1.0073212,323,51615,202,M3,21.18745,18.39715,16.99458,15.85953,15.2466
363726170144925696,182.58112,-1.0236182,323,51615,220,M0,21.42544,18.73257,17.38448,16.78002,16.40349
363700881377486848,182.82574,-0.94322864,323,51615,128,M4,21.14384,18.43772,17.1069,15.79316,15.08684
363749534767015936,181.64517,-0.471762,323,51615,305,M0,21.19578,18.69791,17.34637,16.61205,16.20769
363747885499574272,181.81627,-0.61528215,323,51615,299,M3,21.13184,18.45951,17.15116,15.95606,15.29378
363737440139110400,182.02302,-0.46895236,323,51615,261,M2,21.45607,18.98798,17.55776,16.64218,16.1115
363728918923995136,182.42017,-0.44087717,323,51615,230,M0,20.60095,18.01248,16.6529,15.91477,15.50028
363728644046088192,182.4788,-0.6003474,323,51615,229,M3,21.21716,18.62241,17.25955,16.01542,15.33076
363703630156556288,182.93488,-0.60530211,323,51615,138,M2,21.11727,18.18936,16.77315,15.73093,15.14796
363706928691439616,183.29513,-0.53101365,323,51615,150,M0,21.08701,18.31569,16.90322,16.15601,15.72755
363748985011202048,181.99174,-0.05725461,323,51615,303,M0,20.71793,18.06603,16.6864,15.92177,15.53041
363739914040272896,182.15691,-0.18879036,323,51615,270,M0,21.43172,18.90845,17.49552,16.75617,16.34384
363740463796086784,182.30711,-0.03220327,323,51615,272,M0,20.98718,18.29093,16.87993,16.14962,15.78799
363720672586786816,182.67014,-0.08195697,323,51615,200,M1,21.30378,18.59299,17.22132,16.29728,15.84595
363711326737950720,183.07309,-0.09980484,323,51615,166,M1,21.68314,19.08726,17.64804,16.70732,16.19374
363700331621672960,182.87262,-1.0974241,323,51615,126,M3,21.76784,19.00273,17.59164,16.45236,15.78882
363749809644922880,181.61116,-0.15255752,323,51615,306,M2,21.73368,19.01396,17.60111,16.62703,16.11191
363752283546085376,181.73086,-0.00946831,323,51615,315,M0,21.16074,18.50381,17.10623,16.34511,15.91376
725219489318201344,328.06376,-7.1778044,644,52173,509,M2,22.38837,19.66734,17.99779,16.94584,16.38978
609189672916117504,113.242,31.819511,541,51959,283,M0,23.38424,21.33327,19.82373,19.09705,18.65417
643041167520327680,148.34873,4.1356212,571,52286,554,M0,22.77989,20.88566,19.34098,18.5997,18.12516
643059584340092928,149.03015,4.3007812,571,52286,621,M4,21.14806,18.80017,17.28394,15.84656,15.0479
758859048039770112,340.01454,-0.98605776,674,52201,9,M2,20.51618,17.67116,16.17864,15.10048,14.48872
758868119010699264,339.83464,-1.1141945,674,52201,42,M2,23.09893,20.78522,19.47029,18.47364,17.98194
758862346574653440,340.29997,-0.69966336,674,52201,21,M0,23.52708,20.87845,19.46731,18.80626,18.34588
792726755021449216,34.985389,0.8648852,704,52205,339,M1,22.89025,20.87207,19.27064,18.31177,17.75963
758900829481625600,339.31804,-0.58366642,674,52201,161,M4,24.26344,21.66592,20.13592,18.60337,17.8106
757827980356511744,336.45217,-0.076121469,673,52162,354,M0,22.76683,20.1402,18.68571,17.95816,17.53474
757838975472789504,336.48771,-0.020444297,673,52162,394,M0,23.0887,20.18829,18.81292,18.15685,17.74892
757815610850699264,336.48919,-0.082353269,673,52162,309,M1,22.69107,20.21382,18.82997,18.00499,17.54334
757836776449533952,336.51204,-0.011523541,673,52162,386,M0,22.73483,20.34626,18.91233,18.14447,17.76997
757850520344881152,336.55655,-0.059688206,673,52162,436,M0,22.50404,19.83215,18.35878,17.65134,17.2575
757851619856508928,336.5555,-0.010653329,673,52162,440,M3,23.74158,21.12829,19.68042,18.3488,17.61348
757838150839068672,336.53211,-0.061836361,673,52162,391,M1,23.83974,21.28747,19.68626,18.82636,18.2552
757823582310000640,336.22381,0.73937244,673,52162,338,M2,23.32714,20.67962,19.14171,18.12714,17.51807
792716034783078400,35.266073,-1.1867248,704,52205,300,M4,23.96123,21.9313,20.41692,18.96437,18.10941
304078493904300032,151.98541,-0.72817649,270,51909,311,M3,24.33241,21.13004,19.71977,18.53398,17.93672
305126053171456000,155.54324,-0.34289179,271,51883,26,M1,22.21198,19.22619,17.80389,16.93099,16.50832
331078377605720064,196.42962,-0.080175539,294,51986,232,M3,21.26043,19.97525,19.58429,19.16117,18.77738
332144354112071680,199.06444,-0.95462398,295,51985,14,M1,20.64931,18.02393,16.66689,15.77526,15.26014
363756131836782592,181.99055,0.75794565,323,51615,329,M3,21.22386,18.66124,17.29233,16.10283,15.45217
363756406714689536,182.09253,1.1529606,323,51615,330,M0,21.76439,18.90087,17.55192,16.91765,16.53453
363756681592596480,182.09441,0.91891732,323,51615,331,M0,20.59054,18.17585,16.88121,16.19638,15.83617
363764378173990912,181.69124,0.40014164,323,51615,359,M0,21.2758,18.44415,17.00652,16.25516,15.81843
363773724022827008,182.0842,0.29597618,323,51615,393,M1,20.89366,18.26624,16.79697,15.9067,15.39202
363772899389106176,182.15969,0.28289312,323,51615,390,M2,21.63181,18.95892,17.57088,16.56208,16.01397
363770425487943680,182.34015,0.3774496,323,51615,381,M0,21.70386,19.0312,17.65231,16.93674,16.54284
363782520115849216,182.43031,0.40742403,323,51615,425,M0,20.65028,18.12684,16.87428,16.2502,15.86787
363779771336779776,182.54841,0.71397143,323,51615,415,M0,21.41667,18.87897,17.41987,16.63187,16.1754
363768226464688128,182.13696,0.94127473,323,51615,373,M1,21.05516,18.48413,17.05785,16.13926,15.64576
364795446058575872,184.00894,-0.64955902,324,51666,14,M0,22.1494,19.91516,18.43735,17.69898,17.24223
364794071669041152,184.01062,-0.69935284,324,51666,9,M0,22.009,19.84842,18.55254,17.95937,17.60173
364792972157413376,184.16284,-0.78750328,324,51666,5,M2,22.48782,20.0177,18.52829,17.49227,16.89851
364794346546948096,184.29862,-0.67978295,324,51666,10,M2,22.16978,19.74069,18.38313,17.42427,16.8424
364793247035320320,184.31984,-0.68696237,324,51666,6,M0,22.19765,19.4799,18.13707,17.47906,17.07409
363805609860032512,183.37943,0.11899727,323,51615,509,M3,20.7019,18.17801,16.86638,15.57214,14.83835
363803410836776960,183.45491,0.04474682,323,51615,501,M1,21.39466,19.0158,17.59199,16.65417,16.2129
363816330098403328,183.78586,0.10618996,323,51615,548,M3,20.7124,18.09267,16.70724,15.3816,14.68216
363838870086772736,184.31445,0.16249131,323,51615,630,M2,21.43453,18.95479,17.48238,16.38331,15.79704
363798188156545024,183.19658,0.45898425,323,51615,482,M1,21.21606,18.94447,17.48382,16.71466,16.25802
363804235470497792,183.25508,0.53617268,323,51615,504,M1,20.81051,18.24283,16.7719,16.01807,15.50397
363808083761195008,183.37203,0.44613233,323,51615,518,M2,21.14148,18.41579,17.04529,15.95533,15.38123
363816604976310272,183.73888,0.43823045,323,51615,549,M0,21.09132,18.56654,17.25608,16.62275,16.26522
363841618865842176,184.16782,0.52834698,323,51615,640,M1,21.37935,18.96738,17.57203,16.77355,16.25647
363810282784450560,183.19189,0.85039695,323,51615,526,M0,21.40655,18.88709,17.4711,16.68344,16.27461
363811382296078336,183.23241,0.94944747,323,51615,530,M1,21.08947,18.76307,17.35251,16.56709,16.07319
363810557662357504,183.25797,1.0074695,323,51615,527,M0,21.16873,18.53249,17.11523,16.3871,15.9359
363822377412356096,183.38673,1.0222827,323,51615,570,M0,20.6796,17.9986,16.65964,15.99597,15.58191
363820453267007488,183.56399,0.85765146,323,51615,563,M0,20.67317,18.16571,16.72526,15.97945,15.59834
363833922284447744,183.84304,0.89291521,323,51615,612,M3,21.14877,18.64676,17.29084,16.12468,15.50798
363793790110033920,182.87907,0.39396496,323,51615,466,M1,20.84451,18.2886,16.83531,15.94396,15.48221
363794339865847808,182.90687,0.23539294,323,51615,468,M2,20.88563,18.51882,17.11068,16.14018,15.58218
363801211813521408,183.07986,0.22183383,323,51615,493,M1,21.40139,18.91266,17.58928,16.70495,16.22958
363800112301893632,183.21067,0.38273949,323,51615,489,M0,21.10098,18.54118,17.11521,16.41744,16.00999
363824301557704704,183.5935,0.71078626,323,51615,577,M1,21.72804,19.07089,17.61633,16.74631,16.23576
363835571551889408,183.68184,0.75008808,323,51615,618,M0,21.40608,18.84591,17.50314,16.79161,16.41302
363831998139099136,183.75324,1.1062445,323,51615,605,M0,21.2505,18.79836,17.51336,16.88495,16.50517
364803692395784192,183.57322,-1.0823641,324,51666,44,M3,21.64006,19.30029,17.79194,16.48456,15.72073
364804242151598080,183.61281,-1.2419518,324,51666,46,M3,23.19713,19.87924,18.46723,17.16783,16.52462
364802867762063360,183.62592,-1.1568416,324,51666,41,M3,22.92061,19.81804,18.39001,17.34083,16.67309
364804517029505024,183.67668,-1.127548,324,51666,47,M0,21.80301,19.42718,17.99248,17.26323,16.8106
364803417517877248,183.75168,-1.1499547,324,51666,43,M3,22.28286,19.52345,18.13506,16.9361,16.25086
364807540686481408,183.56159,-0.74662123,324,51666,58,M2,21.88404,19.71475,18.34182,17.38116,16.84726
364807815564388352,183.62697,-0.70094464,324,51666,59,M1,21.89455,19.44604,17.93826,17.04673,16.46525
364806441174853632,183.69683,-0.75601684,324,51666,54,M3,22.73807,19.44792,17.96822,16.74862,16.07671
364809464831830016,184.01293,-0.31879552,324,51666,65,M1,21.70628,19.23268,17.79937,16.90969,16.42
364800943616714752,184.29299,-0.22408334,324,51666,34,M1,21.78403,19.10073,17.6684,16.81204,16.32308
364804791907411968,183.61367,-0.91658754,324,51666,48,M2,21.83244,19.28556,17.85721,16.76476,16.18601
364805066785318912,183.69921,-0.92263862,324,51666,49,M1,22.69406,20.0001,18.55175,17.72385,17.26057
364799294349273088,184.36167,-0.54760926,324,51666,28,M3,22.25119,19.51613,18.0655,16.78964,16.13128
364808365320202240,183.88026,-0.14597125,324,51666,61,M1,21.95107,19.1184,17.7372,16.94297,16.52701
493308018037909504,122.51113,47.375786,438,51884,596,M2,25.25422,21.44553,19.82653,18.76466,18.24927
592307777305602048,198.82467,2.1931882,526,52312,307,M0,20.78236,17.95928,16.61268,15.98919,15.66183
654278177530603520,166.74588,4.907952,581,52356,474,M0,21.82984,19.43969,18.14847,17.55578,17.17628
861326935567919104,137.68188,48.454981,765,52254,49,M2,23.28977,20.25953,18.79832,17.80807,17.29446
709436547593693184,251.4006,40.046231,630,52050,435,M0,23.913,20.41385,19.15941,18.31278,18.27304
709353259587889152,252.27641,38.975947,630,52050,132,M0,19.68235,19.25518,18.35976,17.70524,17.32027
887233355072956416,213.17311,58.756814,788,52338,88,M3,22.66266,20.50315,19.05467,17.94975,17.37454
887219061421795328,215.18308,58.835207,788,52338,36,M0,22.5068,20.17021,18.71899,17.98369,17.57878
887245999456675840,212.89461,58.603925,788,52338,134,M0,22.78115,20.89463,19.46354,18.79645,18.44947
887219336299702272,214.92113,59.185485,788,52338,37,M3,22.23306,19.61382,18.06622,16.79972,16.13975
775756618636748800,8.1558942,-1.0161562,689,52262,42,M2,23.16709,20.43183,19.04492,17.95515,17.41594
774724176228411392,5.0977821,0.27838365,688,52203,382,M4,23.3898,21.17999,19.80985,18.38539,17.592
774745341827246080,5.8951369,0.67274762,688,52203,459,M2,23.53466,23.25551,20.97462,19.55059,18.63208
774790146926077952,7.017124,0.60473949,688,52203,622,M4,23.06385,21.11449,19.65911,18.26376,17.49605
333353816885848064,198.59723,-0.26802733,296,51984,318,M1,21.96034,19.20511,17.76918,16.87614,16.38058
364810289465550848,183.96735,-0.28146134,324,51666,68,M1,21.68151,19.1617,17.7797,16.92953,16.43698
364811388977178624,184.10066,-0.31902145,324,51666,72,M3,21.93732,19.70728,18.26746,17.00529,16.31489
364814412634155008,183.20758,-1.1962957,324,51666,83,M3,22.25344,19.7946,18.37981,17.136,16.45592
364817161413224448,183.32381,-0.99655917,324,51666,93,M2,22.58237,19.77426,18.28932,17.3084,16.77449
364817436291131392,183.41635,-0.95722057,324,51666,94,M1,22.17131,19.76565,18.32022,17.47,16.99104
364817711169038336,183.40104,-0.73124237,324,51666,95,M2,21.76012,19.61077,18.16541,17.31652,16.79622
364818535802759168,183.53008,-1.2376196,324,51666,98,M1,23.16555,19.7103,18.21049,17.35237,16.80854
364819360436480000,183.61985,-0.37632448,324,51666,101,M2,22.61994,19.87292,18.46868,17.50831,16.97059
364838327012059136,183.06002,-0.30219143,324,51666,170,M1,22.02695,19.83636,18.45393,17.62836,17.14412
364833654087641088,183.48762,-0.39884583,324,51666,153,M2,21.38667,19.11814,17.64666,16.55656,15.96569
364830630430664704,183.60273,-0.35622411,324,51666,142,M0,21.84507,19.71815,18.42552,17.78711,17.4269
364821009703921664,183.83633,-0.23022353,324,51666,107,M2,22.08395,19.35665,18.06887,16.95825,16.36844
364819635314386944,183.84024,-0.37881713,324,51666,102,M2,21.94206,19.39328,18.00416,17.12017,16.60785
364822384093456384,183.85069,0.02324652,324,51666,112,M0,21.83665,19.12211,17.70682,16.89457,16.45445
364828706285316096,182.90613,-0.93111596,324,51666,135,M4,22.35049,19.68295,18.22438,16.83768,16.0675
364826232384153600,183.19411,-1.0444116,324,51666,126,M2,22.26658,19.73122,18.30594,17.30915,16.76502
364837502378338304,183.17117,-0.50509954,324,51666,167,M1,22.76987,19.7623,18.3804,17.596,17.14553
364833928965548032,183.29833,-0.46045545,324,51666,154,M3,22.65542,19.78718,18.31028,17.11575,16.45739
364832829453920256,183.30355,-0.51758516,324,51666,150,M1,21.79123,19.22891,17.89464,17.0448,16.56151
364833379209734144,183.46953,-0.48019754,324,51666,152,M1,22.25804,19.83434,18.34533,17.47948,17.01662
364832554576013312,183.45808,-0.58948845,324,51666,149,M0,22.40439,19.73319,18.28709,17.61821,17.22931
364831180186478592,183.56303,-0.51323485,324,51666,144,M1,22.59444,19.51918,18.12014,17.29652,16.84243
364819910192293888,183.7734,-0.53032183,324,51666,103,M3,22.73113,19.84937,18.49878,17.19256,16.48883
364820185070200832,183.72452,-0.07052522,324,51666,104,M3,22.47694,19.91507,18.3847,17.2018,16.56276
364870212849264640,182.21242,-0.99592292,324,51666,286,M0,22.06316,19.37302,18.05849,17.41019,17.08094
364868838459729920,182.09292,-1.046444,324,51666,281,M4,22.76098,19.97318,18.5459,17.06076,16.24093
364857843343452160,182.24484,-0.9896198,324,51666,241,M1,22.01303,19.36389,17.97246,17.12418,16.65863
364847947738802176,182.5713,-1.0164177,324,51666,205,M1,21.79718,19.25107,17.87044,17.09781,16.66342
364849047250429952,182.64934,-0.9375018,324,51666,209,M2,21.82065,19.45267,18.08553,17.09255,16.57465
364863615779497984,182.20535,-0.50833413,324,51666,262,M0,22.0666,19.56352,18.25532,17.60808,17.25501
364853720174848000,182.38318,-0.53939154,324,51666,226,M4,22.06222,19.67185,18.32087,16.98468,16.29068
364854544808568832,182.46091,-0.59525004,324,51666,229,M4,22.13691,19.68464,18.21366,16.74005,15.89841
364843549692291072,182.79719,-0.56643037,324,51666,189,M2,22.10038,19.60371,18.27922,17.27308,16.723
364868563581822976,181.95575,-0.08662156,324,51666,280,M0,22.42838,19.79132,18.42047,17.70527,17.33122
364867738948102144,182.2088,-0.10718127,324,51666,277,M2,21.76788,19.09518,17.72928,16.67023,16.18068
364855094564382720,182.24788,-0.00737976,324,51666,231,M1,22.11,19.66803,18.23381,17.25985,16.80765
364842450180663296,182.6805,-0.16653323,324,51666,185,M4,22.78668,19.76844,18.29667,16.7951,15.99645
364840526035314688,183.21709,-0.09010775,324,51666,178,M3,21.82838,19.21255,17.83954,16.52768,15.84336
364839976279500800,183.2437,-0.09980556,324,51666,176,M3,22.17412,19.77357,18.30911,16.90056,16.15851
364849597006243840,182.6407,-0.77900934,324,51666,211,M4,19.21021,18.98763,18.3642,17.2709,16.59079
364866914314381312,182.04792,0.01408378,324,51666,274,M2,22.2951,19.69903,18.43233,17.46499,16.96755
364857018709731328,182.35876,0.00548968,324,51666,238,M3,21.87866,19.38857,18.00322,16.75274,16.08785
672262334487488512,171.8509,65.687737,597,52059,364,M3,23.64915,20.55473,19.12119,18.0132,17.38136
870397083910170624,158.66399,62.505682,773,52376,278,M4,23.03826,20.86976,19.34945,17.87913,17.10047
615979981851355136,123.89577,44.128043,547,51959,410,M0,22.47148,20.40988,18.91929,17.92248,17.60227
672184269161916416,175.61715,64.321222,597,52059,80,M3,24.75299,21.88398,20.4096,19.11043,18.5175
870440239741560832,159.09681,63.17008,773,52376,435,M0,21.15546,18.49858,17.09267,16.44311,16.09598
870364373439244288,161.23852,62.461395,773,52376,159,M2,22.87155,20.05552,18.55169,17.38078,16.84103
870351179299710976,161.32678,62.383738,773,52376,111,M3,22.10297,19.85751,18.51624,17.4269,16.83172
870362174415988736,161.16717,62.537326,773,52376,151,M4,23.63328,20.79011,19.37386,17.97933,17.21186
870361074904360960,161.28279,62.380927,773,52376,147,M1,24.42663,21.18616,19.83888,18.98163,18.48629
891721012033382400,226.95623,55.505296,792,52353,30,M1,21.47405,19.12891,17.70443,16.8612,16.38401
934650343021635584,134.30333,42.153959,830,52293,558,M4,20.86799,18.45603,17.1084,15.63401,14.90193
934641821806520320,134.23753,42.361524,830,52293,527,M2,22.96711,21.32208,19.76994,18.84368,18.28514
935665467148756992,136.59858,42.438159,831,52294,155,M1,23.5215,20.13714,18.71999,17.83562,17.35072
935664642515036160,136.54851,42.998096,831,52294,152,M0,22.25359,19.71492,18.28289,17.61253,17.171
935670414951081984,136.15684,42.996108,831,52294,173,M1,21.66729,21.01567,19.66534,18.90469,18.44444
797193520505972736,43.168701,-1.1533004,708,52175,205,M0,23.32438,20.56646,19.19504,18.4832,18.02636
762360724491102208,345.06768,0.91251685,677,52606,460,M4,22.57603,21.07592,19.63941,18.23412,17.46218
762278261119019008,345.29249,-0.39686869,677,52606,160,M3,23.49633,20.9457,19.4115,18.13195,17.3585
797307045081540608,44.36787,0.81298416,708,52175,618,M4,23.95314,21.48438,19.99097,18.38065,17.51969
323291362000660480,183.85582,0.88275434,287,52023,575,M2,25.80331,22.03902,20.55761,19.65599,19.08096
324291642318153728,185.05063,-0.11312861,288,52000,118,M2,22.1202,20.82527,20.24446,19.76586,19.31852
346910240098248704,221.69371,0.59198537,308,51662,484,M4,24.74911,22.38192,21.00917,19.56139,18.91245
346926732772665344,222.49812,0.47521271,308,51662,544,M4,24.69691,22.75012,21.25622,19.76435,18.90081
346928382040107008,222.42449,0.19859707,308,51662,550,M2,23.83029,21.49762,20.08707,19.631,18.52168
386327732457334784,239.44704,1.2073059,343,51692,524,M3,23.27032,21.97789,20.52925,19.31474,18.70028
387352752189106176,241.05791,-0.24410801,344,51693,157,M0,23.08989,21.44134,20.09899,19.46974,19.07914
424558034233092096,338.228,0.41507671,377,52145,341,M2,23.2255,21.47748,19.91857,18.81985,18.23103
424564356424951808,338.83753,1.1165188,377,52145,364,M3,23.27266,21.42956,19.96629,18.72472,18.04717
424609711279597568,339.79243,1.0186658,377,52145,529,M4,25.13626,21.64283,20.27391,18.88668,18.17291
496575766327224320,124.51253,46.177928,441,51868,196,M3,24.23233,22.33196,20.8135,19.6372,18.88203
496609026553964544,123.34105,46.147689,441,51868,317,M2,23.73254,21.57445,20.05738,19.15243,18.581
601253673502271488,215.75295,1.0043753,534,51997,84,M4,26.03615,22.21806,20.79127,19.37372,18.58315
533798085432731648,141.12113,1.0800814,474,52000,442,M3,19.9489,20.0617,20.13994,19.5627,19.02474
566437088086484992,154.44768,2.7344391,503,51999,398,M4,24.72035,23.35178,21.04113,19.93788,19.31267
636292364125628416,134.8931,3.8308799,565,52225,578,M4,24.17553,21.66893,20.08461,19.60545,17.70289
637325905273841664,135.93156,2.6979282,566,52238,242,M4,23.77839,22.32625,20.7966,19.2298,18.34575
453866886464038912,29.027159,0.38540035,403,51871,470,M2,23.68457,21.73789,20.32553,19.28721,18.79434
453865512074504192,29.27805,0.28389928,403,51871,465,M2,23.51138,22.00363,20.7373,19.66065,19.10274
453867161341945856,29.219362,0.76535089,403,51871,471,M2,24.47692,21.58615,20.19171,19.1667,18.57331
425602295418349568,342.17891,-1.086392,378,52146,44,M4,24.12225,22.75148,20.38145,18.90644,18.10328
424635549802850304,340.89572,-0.050735519,377,52145,623,M3,24.80306,22.67114,21.23072,19.78568,18.99175
424635000047036416,340.82479,0.40668393,377,52145,621,M4,21.71501,21.06157,20.66639,19.91419,19.10687
453911691562870784,30.480756,0.44359351,403,51871,633,M2,23.21731,21.61011,20.31196,19.20684,18.62208
468517328141707264,55.62119,0.23632112,416,51811,520,M3,24.43769,21.93818,20.39838,19.21764,18.58504
468522550821939200,55.715776,0.76785277,416,51811,539,M4,24.11055,22.52164,20.95081,19.11775,18.2401
425607518098581504,342.41718,-0.46173147,378,52146,63,M4,25.03731,22.01305,20.34154,18.76171,17.88439
425597622493931520,342.55051,-0.51221351,378,52146,27,M3,23.80023,22.03505,20.19396,18.97821,18.18266
454905923962431488,31.54667,-0.10083169,404,51812,154,M3,24.08761,21.97267,20.50845,19.29706,18.61335
424611085669132288,339.80156,1.1236061,377,52145,534,M4,23.52171,22.0237,20.58892,19.14785,18.38513
454886407631038464,31.713636,-1.0340343,404,51812,83,M4,23.4296,21.91085,20.4734,18.99337,18.16743
733042788890863616,1.0432371,-10.756923,651,52141,298,M4,24.83694,21.84789,20.32639,18.57682,17.63895
826444928673409024,329.81673,11.344355,734,52224,125,M3,23.01232,22.21322,20.69034,19.55654,19.07619
826436957214107648,330.11331,11.412228,734,52224,96,M2,24.17622,22.24426,20.64884,19.5989,18.88706
826413867469924352,330.75865,11.570482,734,52224,12,M2,24.66277,24.34801,21.28247,20.10538,19.55391
826461971103639552,329.82076,11.866069,734,52224,187,M2,23.965,22.77011,20.78114,20.24887,19.71839
826463895248988160,329.8517,11.836416,734,52224,194,M4,25.19298,24.95855,21.57681,20.1303,19.28222
826430360144340992,330.90077,12.046891,734,52224,72,M3,25.87744,23.90286,21.53094,20.23615,19.76366
826486160359450624,329.42892,12.148756,734,52224,275,M4,23.1663,23.94108,21.59725,20.17595,19.54696
825423207208085504,328.01596,12.391248,733,52207,504,M3,24.63447,23.16932,21.73084,20.43149,19.97057
825441074272036864,328.17424,12.81893,733,52207,569,M3,24.56234,22.332,20.90989,19.64481,19.59242
733023272559470592,1.5920546,-10.098469,651,52141,227,M3,23.64797,22.29186,21.3921,20.08751,19.67645
665575653902411776,230.0117,3.8345264,591,52022,614,M3,25.15224,22.38762,20.84203,19.83021,19.03456
700455461807220736,243.3667,49.20592,622,52054,530,M4,23.02482,21.5617,20.06311,20.49699,17.64669
666562740516579328,231.71503,2.7308598,592,52025,109,M4,24.38694,22.22405,20.74331,19.41246,18.6753
666553944423557120,231.92795,2.7096783,592,52025,77,M4,22.92651,22.16188,21.6972,20.66184,20.03389
826418540394342400,331.26282,11.820973,734,52224,29,M2,25.87035,23.16907,21.73265,20.33806,19.52463
825455093045291008,328.6007,12.734855,733,52207,620,M3,24.239,22.19078,22.78926,21.91203,19.53901
825450694998779904,328.67664,13.094619,733,52207,604,M3,22.76605,21.54508,20.04831,18.82605,18.16512
826468568173406208,329.61162,11.496742,734,52224,211,M4,25.35307,22.87765,21.06191,19.74818,19.12168
764513011305048064,349.20654,-0.99687227,679,52177,98,M1,23.95964,22.25624,20.85521,20.06344,19.60785
796186367888484352,42.949375,-0.00089526429,707,52177,637,M4,21.58871,20.83318,20.32354,19.20905,18.41958
764495419119003648,349.83451,-0.040077544,679,52177,34,M3,23.90528,22.27337,20.80075,19.62276,18.96346
796174548138485760,42.410423,0.25716677,707,52177,594,M2,24.44231,22.58292,21.24876,20.41361,20.0225
796185543254763520,43.002915,0.30117577,707,52177,634,M2,24.1988,22.51628,21.11396,20.10119,19.64819
797148440529233920,43.943397,-1.2345209,708,52175,41,M4,24.31878,21.69298,20.22652,18.74251,17.88275
796116823778027520,40.698386,0.46977248,707,52177,384,M2,23.95369,21.38664,20.08401,19.025,18.46628
796131942062909440,41.150863,0.57819812,707,52177,439,M3,23.45171,21.43595,20.06918,18.94053,18.33987
796126994260584448,41.17588,0.54085678,707,52177,421,M3,25.41629,22.8101,21.60627,20.55905,19.94129
796142662301280256,41.479729,0.4779728,707,52177,478,M2,23.59107,21.72571,20.45477,19.43098,18.92521
796148984493139968,41.820792,0.45985433,707,52177,501,M4,23.94351,23.43442,21.81796,20.53149,19.77046
764528679345743872,348.96702,-0.25956884,679,52177,155,M3,23.38273,21.96771,20.78871,19.59928,18.88443
764514935450396672,349.13273,-0.41439227,679,52177,105,M4,24.09897,23.19491,21.73208,20.49003,19.82197
796146785469884416,41.715908,0.032983436,707,52177,493,M4,23.84337,23.29646,22.08404,20.50515,19.68135
797154762721093632,44.391669,-0.5702412,708,52175,64,M3,25.2979,23.27934,22.05756,20.56353,19.85395
764570735665506304,347.42541,-0.46916695,679,52177,308,M4,23.08772,23.16726,21.78904,20.36193,19.58628
764492670339934208,350.09791,-0.49871141,679,52177,24,M4,25.28216,22.97949,21.42784,20.11357,19.3387
764492395462027264,350.2655,-0.4356456,679,52177,23,M4,21.80288,21.03057,20.21684,19.09329,18.36167
763510268562008064,347.40071,-0.054967792,678,52884,546,M4,21.55024,21.07419,20.70677,19.64176,18.97044
302960290595629056,149.75677,0.79320029,269,51910,339,M3,23.59209,22.394,20.87646,19.59324,18.87111
302974584246790144,150.94769,0.3143437,269,51910,391,M4,23.76084,22.23676,20.88281,19.55957,18.87375
351310760963500032,229.65564,-0.58441521,312,51689,109,M3,24.05712,22.4031,21.06977,19.67609,18.9646
351340447777449984,229.13802,-0.95054263,312,51689,217,M4,25.31789,22.37958,20.9095,19.45783,18.69005
393058393004206080,252.33344,64.040911,349,51699,434,M4,25.06283,22.90921,22.01238,20.91335,20.10911
393093027620481024,255.74282,63.602162,349,51699,560,M4,25.63544,21.91601,20.44998,19.12354,18.3428
431260376751958016,351.33265,-0.617242,383,51818,148,M3,23.74872,21.62648,20.12214,18.88581,18.23771
505556852717676544,135.35574,53.419558,449,51900,101,M4,23.27313,22.39051,20.48937,19.34453,18.51256
575440999493429248,169.54187,2.8181387,511,52636,386,M2,24.32608,21.98009,20.4843,19.88643,18.70687
609263340195178496,115.24003,33.146443,541,51959,551,M3,24.45148,22.27923,20.9517,19.83961,19.33508
708301026976884736,249.5249,44.751648,629,52051,400,M3,24.22892,21.40138,20.05622,18.94748,18.36561
708256771633866752,250.09489,44.0447,629,52051,239,M1,24.44366,21.83137,20.932,19.71259,22.82672
740875709811025920,15.408028,-11.03766,658,52146,122,M3,23.76659,21.90363,20.87405,19.93072,19.3121
740886155171489792,15.097497,-10.133273,658,52146,160,M4,24.41154,21.77266,20.39346,18.88593,17.99516
740904846869161984,14.27051,-10.33221,658,52146,228,M2,24.07551,21.66968,20.28149,19.33783,18.84048
610287535846877184,115.66918,34.544711,542,51993,181,M3,24.02344,24.85626,21.11992,19.86308,19.33054
646306993090357248,154.23155,3.5938423,574,52355,147,M3,23.83768,22.23144,20.35671,18.86822,18.02633
708309823069906944,250.19451,44.770866,629,52051,432,M4,24.06458,23.5816,21.99449,20.45573,18.86385
773558699187791872,3.3073746,-0.022976381,687,52518,238,M2,23.5335,21.60443,20.19553,19.3703,18.83046
803963488912304128,54.802092,-1.1836216,714,52201,258,M2,23.65129,22.75715,21.10829,20.11446,19.55581
772507016332601344,2.2081386,0.45476767,686,52519,508,M4,23.81735,23.38577,21.81349,20.42977,19.70974
772533679489574912,2.9689503,1.0006348,686,52519,605,M4,24.73162,21.98505,20.45848,19.23787,18.54403
772534229245388800,3.0939757,0.95927897,686,52519,607,M4,23.44112,23.03675,21.57121,20.26914,19.61277
773526538472679424,4.0447354,-1.1809861,687,52518,121,M4,25.3908,23.52276,21.97668,20.52779,19.76712
773542756269189120,4.1758982,-0.31271736,687,52518,180,M0,23.20829,21.50861,20.05754,19.31658,18.9017
773503998484310016,5.1852725,0.049734274,687,52518,39,M3,23.19601,21.40471,20.08957,18.99538,18.41414
803969811104163840,54.343104,-0.97246483,714,52201,281,M4,25.20613,22.54967,21.03717,19.72306,18.99991
803960465255327744,54.717669,-0.85100938,714,52201,247,M2,24.12785,21.78695,20.31968,19.26137,18.73999
803959915499513856,54.824325,-0.90441273,714,52201,245,M2,24.82158,23.24413,21.48605,20.5596,20.03119
803984379633231872,54.382999,1.0541531,714,52201,334,M3,23.39162,23.60369,22.17156,20.78175,19.97289
773554301141280768,3.5824264,-0.32436322,687,52518,222,M3,24.12951,21.28712,19.87446,18.51338,17.71949
609273785555642368,115.45073,32.805178,541,51959,589,M2,24.35774,22.88993,21.10511,20.20675,19.68102
804003346208811008,55.03672,0.93508377,714,52201,403,M3,24.97882,22.97783,21.36051,20.09145,19.37132
804036606435551232,55.704328,0.96188497,714,52201,524,M4,24.33075,24.38881,22.23363,20.52168,19.69902
804050625208805376,56.184129,0.95682808,714,52201,575,M3,24.15142,22.9049,21.0368,19.81142,19.08059
872606551167232000,170.25332,60.479454,775,52295,124,M3,23.56194,21.49239,19.70793,18.36753,17.62085
871576858376824832,165.27417,61.237028,774,52286,474,M2,25.58434,22.42903,21.16956,20.14728,19.97207
871604895923333120,167.58714,62.232071,774,52286,576,M4,24.93226,22.47475,21.13725,20.16236,19.65073
839999708255512576,351.74123,13.384871,746,52238,285,M3,23.71737,22.40108,20.67884,19.46641,18.8311
937944205332867072,140.21736,44.500263,833,52314,253,M2,23.15014,21.81545,20.11979,19.24428,18.5647
937932385582868480,140.59925,44.796928,833,52314,210,M3,25.41869,22.74464,21.15206,19.92329,19.02323
937902149013104640,141.14025,44.847826,833,52314,100,M4,25.09155,22.04166,20.36653,19.21798,18.29664
937911219984033792,141.06943,44.98985,833,52314,133,M4,23.89392,21.96933,20.48512,19.35967,18.42295
937897201210779648,141.108,45.032784,833,52314,82,M2,23.33224,21.80432,20.37834,19.60705,18.82372
937886755850315776,141.25778,44.929673,833,52314,44,M4,25.13151,22.25302,20.98695,19.90639,18.96222
937926613146822656,140.7481,45.294682,833,52314,189,M4,22.48209,21.87039,20.45357,19.22768,18.26163
937920565832869888,141.09514,45.467144,833,52314,167,M3,23.68653,21.8622,20.48071,19.25185,18.71264
937914793396824064,141.21674,45.57354,833,52314,146,M3,25.50387,22.51114,21.01667,19.59925,19.07059
937995607501465600,140.14611,46.051095,833,52314,440,M4,23.4274,21.75413,20.42966,18.99878,18.18726
938001929693325312,140.3547,46.193221,833,52314,463,M4,24.72877,22.30064,21.43119,19.77144,19.149
937936783629379584,140.40492,45.29247,833,52314,226,M4,23.64729,22.32018,20.64712,19.39987,18.62329
937949702891005952,140.15912,45.874826,833,52314,273,M2,22.70889,22.17947,20.66976,19.65416,19.1104
937963446786353152,140.17574,46.641227,833,52314,323,M4,24.39204,21.98789,20.45288,18.83611,17.99812
803987678168115200,54.100618,0.60960843,714,52201,346,M2,24.45608,22.77142,21.13708,20.16897,19.61049
803988502801836032,54.090056,0.51872839,714,52201,349,M4,22.92098,23.08249,21.62868,20.11204,19.32866
804003071330904064,54.861251,0.8466202,714,52201,402,M4,24.15852,23.61471,21.97943,20.50559,20.00576
804022587662297088,55.027432,0.048995647,714,52201,473,M4,25.64272,23.1188,21.55066,20.03904,19.29518
804028360098342912,55.19642,0.17353089,714,52201,494,M4,23.83313,23.08599,21.86814,20.48242,19.88358
804032483266947072,55.521445,0.16072071,714,52201,509,M2,23.97189,22.59949,21.15903,20.21598,19.56566
804055023255316480,55.852565,0.11473256,714,52201,591,M3,23.99828,23.18082,21.39764,20.29656,19.66058
804000872307648512,54.406437,0.44011749,714,52201,394,M3,24.85268,23.04016,21.5244,20.40928,19.70062
804020663516948480,54.963296,0.49663184,714,52201,466,M2,23.95752,22.86397,21.25678,20.36446,19.65627
804027810342529024,55.101161,0.62500677,714,52201,492,M3,23.72206,22.97685,21.47592,20.57943,19.94304
804034407412295680,55.44249,0.51811448,714,52201,516,M3,25.45007,23.78846,22.19618,20.75746,20.01386
804043478383224832,55.64658,0.47771827,714,52201,549,M4,21.89349,21.42094,20.67741,19.35189,18.63454
804045952284387328,55.803917,0.44108136,714,52201,558,M4,25.23811,23.01467,21.66219,20.32924,19.6566
804044852772759552,55.846743,0.6241987,714,52201,554,M4,23.93381,23.72934,21.70095,19.92625,19.05712
804053099109967872,55.860103,0.5049411,714,52201,584,M1,23.61336,22.41685,20.82763,19.92602,19.56494
804053923743688704,55.966601,0.62019331,714,52201,587,M3,24.17486,22.03782,20.77509,19.71328,19.12353
407659912454236160,262.00936,54.366438,362,51999,306,M4,24.84234,21.58002,20.2593,18.87804,18.09981
407736603390273536,265.54014,54.96318,362,51999,585,M3,24.29278,22.21927,20.9058,19.82526,19.24966
407744025093761024,265.81406,55.216139,362,51999,612,M0,22.98354,23.26253,20.08808,19.24985,18.77377
464037925269563392,48.776102,0.88944782,412,52258,608,M3,23.75512,21.52666,20.1396,18.78119,18.08513
488753840892438528,117.39287,43.617753,434,51885,412,M4,25.0567,21.8514,20.29897,19.06515,18.3715
489767865440823296,118.78713,39.608602,435,51882,5,M3,23.1415,21.73802,20.40931,19.32113,18.72763
489770614219892736,118.94381,39.798506,435,51882,15,M4,24.11997,21.46265,20.07383,18.72483,17.91702
489812120783841280,117.92724,39.890386,435,51882,166,M4,23.97288,22.94573,21.35593,20.18285,19.77349
558551940263340032,198.17482,67.172464,496,51988,384,M2,24.24948,22.25005,20.96295,19.94592,19.37684
627129584445319168,149.61518,56.218453,557,52253,12,M3,25.08889,21.63679,20.18695,18.94536,18.32257
693666258893170688,234.91035,55.175941,616,52442,407,M4,23.31627,21.65083,20.20729,18.85513,18.181
725154618132162560,327.27925,-8.5693032,644,52173,273,M3,23.43911,21.83582,20.4494,19.07998,18.31345
758880488516511744,339.66403,-0.95348029,674,52201,87,M3,24.7782,22.86434,21.53343,20.264,19.69396
758861521940932608,339.99113,-0.94956885,674,52201,18,M4,24.35805,23.63101,21.98888,20.43724,19.41442
758880763394418688,339.50195,-1.1770554,674,52201,88,M3,24.11164,22.65189,21.3129,20.34328,19.68265
758874441202558976,340.02291,-0.7486774,674,52201,65,M4,23.22521,22.60056,21.19851,19.81199,18.98844
757884055449528320,337.59721,0.00067829236,673,52162,558,M4,23.95549,21.92714,20.56582,19.15817,18.437
757904671292549120,338.29723,0.010607686,673,52162,633,M3,22.66284,22.94025,21.18801,20.08723,19.53396
757906045682083840,338.48207,0.094292103,673,52162,638,M3,23.23,25.11443,24.80207,19.2768,18.88689
757859591315810304,336.75558,0.43414211,673,52162,469,M1,23.66232,22.51124,21.1923,20.44319,20.09667
757891477153015808,338.09267,0.4475215,673,52162,585,M4,23.20937,23.36118,21.89399,20.64947,19.90383
757842274007672832,337.02499,0.94199587,673,52162,406,M4,24.58683,23.53444,21.89622,20.60729,19.85541
757828530112325632,336.465,-0.019089217,673,52162,356,M3,23.90393,22.98292,21.10563,19.91404,19.3184
757826605966977024,336.47645,-0.035108397,673,52162,349,M1,24.12862,22.13346,20.49888,19.51291,18.99722
757840624740231168,336.5141,-0.059041498,673,52162,400,M4,23.93331,21.43774,19.92229,18.43475,17.59503
757848321321625600,336.72581,0.36904397,673,52162,428,M1,24.33922,22.65368,21.31501,20.51923,20.15975
757872785455343616,337.34737,0.29003375,673,52162,517,M2,24.54697,22.87618,21.58461,20.56003,19.90136
757890377641388032,338.23931,0.41328197,673,52162,581,M3,23.52665,22.96673,21.52882,20.24178,19.44401
757878557891389440,337.79499,0.65198513,673,52162,538,M3,24.81927,23.15601,21.76798,20.62633,20.06543
757841174496045056,337.0122,1.1477034,673,52162,402,M3,25.07499,23.01238,21.96923,20.61559,19.79944
757888178618132480,337.93471,0.99743686,673,52162,573,M3,22.21167,21.72512,21.10047,19.95995,19.50774
757897799344875520,338.1645,1.0327954,673,52162,608,M2,24.56946,21.52963,20.00403,18.87627,18.23498
758867844132792320,339.86758,-1.2724188,674,52201,41,M4,24.51879,22.84697,21.16433,19.83424,18.9983
824195877588461568,325.81588,10.876458,732,52221,135,M3,23.3987,22.25929,20.89771,19.6982,19.1658
824227213669853184,324.70388,10.996876,732,52221,249,M0,23.43103,21.81635,20.53238,19.78543,19.6118
824218142698924032,324.82157,11.525083,732,52221,216,M2,24.08154,22.14359,20.93066,19.70022,18.91685
824258274873337856,324.78838,12.371839,732,52221,362,M4,24.31857,22.62721,21.18074,19.74554,19.10894
824322871181469696,325.88511,12.487374,732,52221,597,M2,23.8636,21.71867,20.33691,19.56939,20.5281
824275867059382272,325.24017,12.864331,732,52221,426,M3,23.65367,22.18789,21.03435,19.87619,19.63765
854708700202428416,123.55584,40.44836,759,52254,548,M2,25.26375,23.3046,21.37773,20.20686,19.54659
951388210007664640,188.88696,3.9177244,845,52381,10,M2,24.2255,23.07753,20.83621,19.76381,19.04006
916512526848518144,244.80787,44.44664,814,52443,109,M3,24.80652,22.18801,20.43896,18.99957,18.14725
886150610695514112,208.76006,59.446877,787,52320,245,M2,23.22004,21.55494,20.11691,19.04281,18.4979
886183046288533504,208.96798,61.485835,787,52320,363,M4,22.79727,21.20053,19.68934,18.14918,17.34058
916531218546190336,243.91563,44.778654,814,52443,177,M4,23.70047,22.70431,21.10956,19.66559,19.02475
824205223437297664,325.02427,11.238427,732,52221,169,M3,25.17566,22.74298,21.35588,20.44092,19.61416
824217867821017088,325.00418,11.250869,732,52221,215,M4,24.77582,22.84001,21.43801,19.89064,19.13343
824261023652407296,324.64132,11.739973,732,52221,372,M4,23.69507,21.47297,19.94951,18.41011,17.50708
824294009001240576,325.50092,11.899361,732,52221,492,M0,23.22628,22.45633,21.10882,20.35109,20.03722
824325894838446080,326.74908,12.08244,732,52221,608,M1,24.3005,22.46417,21.2186,20.16471,19.62726
824316823867516928,326.1499,12.287908,732,52221,575,M3,24.16747,21.5312,20.15441,18.85085,18.20565
824279440472172544,325.21742,12.547058,732,52221,439,M4,24.81764,23.16384,21.7491,20.2375,19.39258
824310501675657216,325.62697,12.557697,732,52221,552,M3,24.09337,25.11425,20.63558,24.36157,18.85895
795058544205391872,40.90686,-0.0081457717,706,52199,630,M2,24.91343,23.2361,21.78753,20.57081,20.18237
796058824539662336,41.675168,-0.11723628,707,52177,173,M2,21.93153,21.02307,20.38435,19.66487,19.17783
758892033388603392,339.42474,-1.2283269,674,52201,129,M3,25.71837,22.50128,21.12395,20.14627,19.61376
796045355522222080,41.864832,-1.2494287,707,52177,124,M3,21.76475,21.10751,20.33647,19.33061,18.60673
796022815533852672,42.28096,-1.0731608,707,52177,42,M4,25.27112,22.18456,20.62665,19.09319,18.27634
758895331923486720,339.54823,-0.57393819,674,52201,141,M4,25.37687,21.72599,20.17066,18.76408,17.91734
758899455092090880,339.39546,-0.018705198,674,52201,156,M4,23.87567,23.36708,21.83451,20.31702,19.45003
796057175272220672,41.636202,-0.22791398,707,52177,167,M1,25.04786,22.81883,21.36052,20.2451,19.80518
796022265778038784,42.899731,-0.27887004,707,52177,40,M2,24.48758,22.56485,21.05189,19.85936,19.20163
